customer_id,first_name,last_name,gender,customer_email,customer_mobile,postcode,street,city,country
CUS1,Evangeline,Bunhill,F,ebunhill0@pcworld.com,+44 602 802 3128,L33,166 Shoshone Center,Liverpool,United Kingdom
CUS2,Ferdy,Cantera,M,fcantera1@dot.gov,+44 995 616 7574,L33,70 Canary Avenue,Liverpool,United Kingdom
CUS3,Marabel,Argabrite,,margabrite2@hatena.ne.jp,+44 574 299 7456,LE16,907 Towne Circle,Middleton,United Kingdom
CUS4,Vivia,McKnockiter,F,vmcknockiter3@rambler.ru,+44 267 860 7923,WC1B,08 Alpine Junction,London,United Kingdom
CUS5,Steven,Hasard,M,shasard4@uol.com.br,+44 943 648 3857,LE15,5847 Mccormick Terrace,Normanton,United Kingdom
CUS6,Corry,Guirardin,,cguirardin5@mozilla.com,+44 270 171 5391,EC1V,09167 Vahlen Place,London,United Kingdom
CUS7,Kimble,Goligher,M,kgoligher6@ustream.tv,+44 833 527 0808,SG4,9105 Johnson Crossing,Langley,United Kingdom
CUS8,Lauree,Dahlback,F,ldahlback7@va.gov,+44 860 239 6281,LE15,44 Northport Trail,Normanton,United Kingdom
CUS9,Kiel,Struther,M,kstruther8@baidu.com,+44 695 916 4600,PR1,138 Pleasure Park,Preston,United Kingdom
CUS10,Oswald,Youings,M,oyouings9@apple.com,+44 235 987 9752,LE14,7 Shasta Street,Twyford,United Kingdom
CUS11,Effie,Brassill,F,ebrassilla@china.com.cn,+44 696 740 2871,BS41,17549 Paget Circle,Bristol,United Kingdom
CUS12,Granville,Marling,M,gmarlingb@ovh.net,+44 918 173 4896,NN11,91613 Springview Road,Norton,United Kingdom
CUS13,Donal,Tinkler,M,dtinklerc@theatlantic.com,+44 438 369 1330,WC2H,29173 Oak Valley Way,London,United Kingdom
CUS14,Lari,Kopman,F,lkopmand@biglobe.ne.jp,+44 919 121 8472,CT15,3 Spaight Road,Sutton,United Kingdom
CUS15,Melba,Ughini,F,mughinie@ted.com,+44 230 998 5390,EH9,77 Truax Junction,Edinburgh,United Kingdom
CUS16,Gerty,O'Finan,F,gofinanf@yahoo.co.jp,+44 666 356 9813,OX7,263 Brickson Park Lane,Dean,United Kingdom
CUS17,Rheta,Marron,F,rmarrong@ted.com,+44 689 202 8226,EH9,5 Moland Lane,Edinburgh,United Kingdom
CUS18,Branden,Lamke,M,blamkeh@wsj.com,+44 758 441 3965,WF9,8 Colorado Crossing,Upton,United Kingdom
CUS19,Curry,Gillhespy,M,cgillhespyi@forbes.com,+44 839 366 7017,BD23,0 Fisk Trail,Linton,United Kingdom
CUS20,Ely,Janikowski,,ejanikowskij@theatlantic.com,+44 750 430 5302,NG22,50 8th Point,Milton,United Kingdom
CUS21,Talbert,Zanetti,M,tzanettik@dagondesign.com,+44 243 850 5020,DN22,98180 Milwaukee Lane,Eaton,United Kingdom
CUS22,Valentin,Ferencowicz,M,vferencowiczl@github.io,+44 332 402 2404,BS37,49 Stuart Court,Horton,United Kingdom
CUS23,Herta,Kells,F,hkellsm@who.int,+44 584 875 4483,DN22,10 Ramsey Place,Eaton,United Kingdom
CUS24,Benita,Milch,F,bmilchn@blogtalkradio.com,+44 669 457 5982,OX7,103 Grim Center,Dean,United Kingdom
CUS25,Tamas,Karus,M,tkaruso@cargocollective.com,+44 998 282 4277,PH43,34 5th Center,Kinloch,United Kingdom
CUS26,Cornie,Upston,M,cupstonp@dion.ne.jp,+44 463 673 2330,SY4,98 Anniversary Center,Pentre,United Kingdom
CUS27,Em,Fuster,M,efusterq@studiopress.com,+44 881 921 6493,S33,28346 Hagan Drive,Sheffield,United Kingdom
CUS28,Horatius,Castanyer,M,hcastanyerr@archive.org,+44 419 988 9246,TF6,2 Village Green Court,Aston,United Kingdom
CUS29,Kristin,Sellwood,F,ksellwoods@uiuc.edu,+44 404 252 6651,CV35,7289 Maple Crossing,Hatton,United Kingdom
CUS30,Chick,Allom,M,callomt@photobucket.com,+44 123 515 4439,PR1,2797 Hansons Parkway,Preston,United Kingdom
CUS31,Fabien,Giovanitti,M,fgiovanittiu@wikispaces.com,+44 682 870 0924,PH43,65485 3rd Road,Kinloch,United Kingdom
CUS32,Marwin,Eldin,M,meldinv@noaa.gov,+44 593 208 5511,SN1,85778 Harbort Avenue,Swindon,United Kingdom
CUS33,Ky,Pillington,M,kpillingtonw@gmpg.org,+44 258 739 4780,S1,6531 Golden Leaf Junction,Sheffield,United Kingdom
CUS34,Nevin,Christoffe,M,nchristoffex@purevolume.com,+44 560 468 0181,B12,651 Muir Parkway,Birmingham,United Kingdom
CUS35,Louella,Broadfield,F,lbroadfieldy@theglobeandmail.com,+44 947 832 2833,LE14,69 Ramsey Center,Twyford,United Kingdom
CUS36,Nicholas,Sambell,M,nsambellz@ovh.net,+44 147 955 4028,LE14,8718 Erie Drive,Twyford,United Kingdom
CUS37,Samuele,Baldazzi,M,sbaldazzi10@weebly.com,+44 643 376 1050,NR29,885 Delaware Pass,Newport,United Kingdom
CUS38,Amii,Stickney,F,astickney11@mac.com,+44 628 370 0878,BH21,5 Hallows Plaza,East End,United Kingdom
CUS39,Kory,O'Fearguise,M,kofearguise12@nyu.edu,+44 432 960 9649,OX12,2626 Fallview Way,Charlton,United Kingdom
CUS40,Eada,O' Molan,F,eomolan13@smh.com.au,+44 950 557 7122,M34,00 Crescent Oaks Court,Denton,United Kingdom
CUS41,Sullivan,Brickell,M,sbrickell14@xinhuanet.com,+44 246 341 7562,EH52,6 Truax Center,Burnside,United Kingdom
CUS42,Kirbee,Colombier,,kcolombier15@prlog.org,+44 543 409 2582,GL54,53 Oxford Court,Ford,United Kingdom
CUS43,Carling,Fayer,M,cfayer16@jimdo.com,+44 771 475 0730,RG20,61317 Graedel Hill,Newtown,United Kingdom
CUS44,Gaylord,Thody,M,gthody17@webmd.com,+44 890 727 4318,BT2,90933 Arrowood Hill,Belfast,United Kingdom
CUS45,Emeline,Bucher,F,ebucher18@163.com,+44 824 154 6002,NN11,40705 Darwin Pass,Norton,United Kingdom
CUS46,Robinia,Strathman,F,rstrathman19@unc.edu,+44 651 478 7292,B40,39 Dexter Street,Birmingham,United Kingdom
CUS47,Rivy,Durbann,F,rdurbann1a@bluehost.com,+44 142 424 8390,DN36,07 Coolidge Street,West End,United Kingdom
CUS48,Bordy,Browse,M,bbrowse1b@tamu.edu,+44 333 857 6236,LS6,1657 Basil Crossing,Leeds,United Kingdom
CUS49,Darcey,Nevison,F,dnevison1c@cdbaby.com,+44 435 485 6291,AB39,319 Delladonna Point,Aberdeen,United Kingdom
CUS50,Theodosia,Deviney,F,tdeviney1d@home.pl,+44 964 122 6012,CV35,63 Walton Lane,Walton,United Kingdom
